{"loss": 110.85904693603516, "lr": 0.00017885399999999997, "weight_decay": 0.0, "steps_per_second": 2.1070922074888285, "kt/s": 17.261299363748485, "global_step": 292, "Gtokens": 0.002392064, "epoch": 0, "teacher_loss": 11.740874290466309, "kl_loss": 4387.111328125, "_timestamp": 1729862254.8707283, "_runtime": 527.278272151947, "_step": 291, "_wandb": {"runtime": 527}}