{"loss": 657.660888671875, "lr": 1.6691999999999995e-05, "weight_decay": 0.0, "steps_per_second": 1.464282509934859, "kt/s": 23.99080464277273, "global_step": 19, "Gtokens": 0.001245184, "epoch": 0, "teacher_loss": 3.345301389694214, "kl_loss": 26240.83203125, "student_cross_entropy_loss": 6.5602006912231445, "_timestamp": 1729926919.067204, "_runtime": 63.50920605659485, "_step": 18, "_wandb": {"runtime": 62}}