{"loss": 182.291748046875, "lr": 5.589599999999999e-05, "weight_decay": 0.0, "steps_per_second": 2.1980478934280825, "kt/s": 18.006408342962853, "global_step": 85, "Gtokens": 0.00069632, "epoch": 0, "teacher_loss": 10.052436828613281, "kl_loss": 7226.88623046875, "_timestamp": 1729861375.2557542, "_runtime": 156.5798041820526, "_step": 84, "_wandb": {"runtime": 155}}