{"loss": 34.897403717041016, "lr": 0.0005999708169321429, "weight_decay": 0.0, "steps_per_second": 1.6160716969064142, "kt/s": 26.47771868211469, "global_step": 2500, "Gtokens": 0.16384, "epoch": 0, "teacher_loss": 11.835062980651855, "kl_loss": 1341.40625, "student_cross_entropy_loss": 5.448996067047119, "_timestamp": 1729933020.4023952, "_runtime": 5776.307357311249, "_step": 2499}