{"loss": 605.6005249023438, "lr": 2.0255999999999997e-05, "weight_decay": 0.0, "steps_per_second": 1.7524209984482546, "kt/s": 28.711665638576203, "global_step": 25, "Gtokens": 0.0016384, "epoch": 0, "teacher_loss": 0.1915537416934967, "kl_loss": 24103.90625, "student_cross_entropy_loss": 12.011507987976074, "_timestamp": 1729953633.1534157, "_runtime": 67.61584067344666, "_step": 24, "_wandb": {"runtime": 66}}