{"loss": 867.9640502929688, "lr": 2.0255999999999997e-05, "weight_decay": 0.0, "steps_per_second": 1.7600777500165756, "kt/s": 28.837113856271575, "global_step": 25, "Gtokens": 0.0016384, "epoch": 0, "teacher_loss": 6.657679557800293, "kl_loss": 34684.1640625, "student_cross_entropy_loss": 3.4397201538085938, "_timestamp": 1729954409.7817187, "_runtime": 67.0291817188263, "_step": 24}