{"loss": 310.0, "lr": 3.999136803594025e-05, "weight_decay": 0.0, "steps_per_second": 0.5204314081041701, "kt/s": 8.526748190378722, "global_step": 500, "Gtokens": 0.032768, "epoch": 0, "teacher_loss": 5.748710632324219, "kl_loss": 310.0, "student_cross_entropy_loss": 4.437425136566162, "_timestamp": 1734162160.6812062, "_runtime": 2176.1909852027893, "_step": 499, "_wandb": {"runtime": 2179}}