{"loss": 23.939895629882812, "lr": 0.0005999708169321429, "weight_decay": 0.0, "steps_per_second": 2.1838110833135915, "kt/s": 17.889780394504943, "global_step": 2500, "Gtokens": 0.08192, "epoch": 0, "teacher_loss": 0.5597747564315796, "kl_loss": 946.9249267578125, "student_cross_entropy_loss": 1.0670878887176514, "_timestamp": 1729901008.4160943, "_runtime": 4189.030193328857, "_step": 2499}