{"loss": 353.0036926269531, "lr": 3.0947999999999996e-05, "weight_decay": 0.0, "steps_per_second": 2.1649294461712842, "kt/s": 17.73510202303516, "global_step": 43, "Gtokens": 0.000352256, "epoch": 0, "teacher_loss": 13.579071998596191, "kl_loss": 14065.814453125, "_timestamp": 1729861666.0805085, "_runtime": 84.61079454421997, "_step": 42, "_wandb": {"runtime": 83}}