{"loss": 0.15625, "lr": 3.999990407905303e-05, "weight_decay": 0.0, "steps_per_second": 1.5029140588243937, "kt/s": 24.623743939778866, "global_step": 55, "Gtokens": 0.00360448, "epoch": 0, "teacher_loss": null, "kl_loss": null, "student_cross_entropy_loss": null, "_timestamp": 1734137580.063968, "_runtime": 170.92449593544006, "_step": 54}