{"loss": 474.60443115234375, "lr": 4.9955999999999994e-05, "weight_decay": 0.0, "steps_per_second": 1.7651249385575674, "kt/s": 28.919806993327185, "global_step": 75, "Gtokens": 0.0049152, "epoch": 0, "teacher_loss": 9.696840286254883, "kl_loss": 18962.48046875, "student_cross_entropy_loss": 2.1697232723236084, "_timestamp": 1729954041.4636228, "_runtime": 181.5854778289795, "_step": 74, "_wandb": {"runtime": 180}}