{"loss": 410.9208984375, "lr": 6.480599999999999e-05, "weight_decay": 0.0, "steps_per_second": 1.6454213212944613, "kt/s": 26.958582928088454, "global_step": 100, "Gtokens": 0.0065536, "epoch": 0, "teacher_loss": 3.5361406803131104, "kl_loss": 16352.37109375, "student_cross_entropy_loss": 8.446394920349121, "_timestamp": 1729954878.4425316, "_runtime": 239.9644215106964, "_step": 99, "_wandb": {"runtime": 238}}