{"loss": 123.86154174804688, "lr": 0.00023587799999999997, "weight_decay": 0.0, "steps_per_second": 2.0953426716030705, "kt/s": 17.165047165772354, "global_step": 388, "Gtokens": 0.003178496, "epoch": 0, "teacher_loss": 3.9145021438598633, "kl_loss": 4910.41796875, "student_cross_entropy_loss": 4.404355049133301, "_timestamp": 1729863089.199955, "_runtime": 696.8765659332275, "_step": 387, "_wandb": {"runtime": 695}}