{"loss": 646.6737060546875, "lr": 1.4315999999999998e-05, "weight_decay": 0.0, "steps_per_second": 2.4238479177453955, "kt/s": 19.85616214217028, "global_step": 15, "Gtokens": 0.00049152, "epoch": 0, "teacher_loss": 1.853550910949707, "kl_loss": 25775.7890625, "student_cross_entropy_loss": 9.116050720214844, "_timestamp": 1729865382.3535905, "_runtime": 33.87220048904419, "_step": 14, "_wandb": {"runtime": 31}}