{"loss": 157.84341430664062, "lr": 0.00010935599999999999, "weight_decay": 0.0, "steps_per_second": 2.4326214439119562, "kt/s": 19.928034868526744, "global_step": 175, "Gtokens": 0.0057344, "epoch": 0, "teacher_loss": 10.458250045776367, "kl_loss": 6238.431640625, "student_cross_entropy_loss": 7.530457496643066, "_timestamp": 1729865238.1745162, "_runtime": 300.9599392414093, "_step": 174, "_wandb": {"runtime": 300}}