{"loss": 645.0618896484375, "lr": 1.7286e-05, "weight_decay": 0.0, "steps_per_second": 2.1771740315288426, "kt/s": 17.835409666284278, "global_step": 20, "Gtokens": 0.00065536, "epoch": 0, "teacher_loss": 2.6857783794403076, "kl_loss": 25743.009765625, "student_cross_entropy_loss": 5.946561813354492, "_timestamp": 1729863374.6587, "_runtime": 43.439815044403076, "_step": 19, "_wandb": {"runtime": 42}}