{"loss": 21.36486053466797, "lr": 0.0005999708169321429, "weight_decay": 0.0, "steps_per_second": 1.6223363353792217, "kt/s": 26.580358518853167, "global_step": 2500, "Gtokens": 0.16384, "epoch": 0, "teacher_loss": 0.5089121460914612, "kl_loss": 845.564453125, "student_cross_entropy_loss": 0.9029887318611145, "_timestamp": 1729943652.684338, "_runtime": 5767.737544059753, "_step": 2499}